{
  "project_info": {
    "project_number": "173553464470",
    "project_id": "codedictonary",
    "storage_bucket": "codedictonary.appspot.com"
  },
  "client": [
    {
      "client_info": {
        "mobilesdk_app_id": "1:173553464470:android:df3c705d837f74f7d93eb7",
        "android_client_info": {
          "package_name": "com.abhiteshh.codedictonary"
        }
      },
      "oauth_client": [
        {
          "client_id": "173553464470-b1gp8673o4dbn7gteudr2bh6efhvcfjl.apps.googleusercontent.com",
          "client_type": 1,
          "android_info": {
            "package_name": "com.abhiteshh.codedictonary",
            "certificate_hash": "7337d000a2878e0dd6e4e353a71cb669b792c8d0"
          }
        },
        {
          "client_id": "173553464470-s14esbo0ab2sfktsmcc59opg6tegsbes.apps.googleusercontent.com",
          "client_type": 3
        }
      ],
      "api_key": [
        {
          "current_key": "AIzaSyDjPBYzaqUZBJ8NTxyEnlGGTYAiNzHBq7g"
        }
      ],
      "services": {
        "appinvite_service": {
          "other_platform_oauth_client": [
            {
              "client_id": "173553464470-s14esbo0ab2sfktsmcc59opg6tegsbes.apps.googleusercontent.com",
              "client_type": 3
            }
          ]
        }
      }
    }
  ],
  "configuration_version": "1"
}